date,weapon,age,gender,state
1/1/2016,knife,30,M,CA
1/2/2016,knife,37,M,MT
1/2/2016,gun,54,M,TX
1/2/2016,gun,37,M,SD
1/3/2016,gun,30,M,NC
1/4/2016,undetermined,27,M,LA
1/4/2016,gun,22,M,OK
1/5/2016,vehicle,29,M,WA
1/5/2016,knife,39,M,TN
1/5/2016,gun,33,M,NC
1/5/2016,gun,52,M,CA
1/5/2016,hand torch,28,M,CA
1/5/2016,knife,54,M,PA
1/6/2016,toy weapon,38,M,IL
1/6/2016,gun,32,M,NM
1/6/2016,gun,34,M,KY
1/8/2016,knife,26,M,WI
1/8/2016,gun,50,M,GA
1/10/2016,chain saw,37,M,WA
1/10/2016,toy weapon,45,F,MD
1/11/2016,vehicle,56,M,CA
1/11/2016,toy weapon,45,M,OH
1/11/2016,gun,32,M,CO
1/11/2016,unarmed,12,F,PA
1/12/2016,knife,49,M,AK
1/12/2016,gun,58,M,VA
1/13/2016,gun,29,M,TN
1/13/2016,gun,60,M,WA
1/14/2016,gun,40,M,IL
1/14/2016,knife,39,M,CA
1/15/2016,gun,26,M,WV
1/15/2016,gun,24,M,MI
1/16/2016,toy weapon,34,M,CA
1/16/2016,gun,27,M,TX
1/16/2016,toy weapon,44,M,OR
1/16/2016,unarmed,25,F,CA
1/16/2016,vehicle,55,M,WV
1/16/2016,gun,19,M,FL
1/17/2016,gun,52,M,MO
1/17/2016,knife,24,M,CA
1/17/2016,gun,38,M,AL
1/17/2016,gun,31,M,UT
1/17/2016,unarmed,26,M,AZ
1/18/2016,gun,33,M,AZ
1/18/2016,toy weapon,28,M,FL
1/18/2016,knife,27,M,OR
1/18/2016,gun,39,M,AZ
1/18/2016,garden tool,29,M,CA
1/19/2016,gun,36,M,TX
1/19/2016,knife,55,M,NC
1/19/2016,gun,28,M,GA
1/20/2016,gun,40,M,LA
1/20/2016,gun,33,M,AL
1/20/2016,knife,37,M,TX
1/21/2016,gun,39,M,OK
1/23/2016,toy weapon,43,M,AL
1/25/2016,knife,38,M,NV
1/26/2016,gun,55,M,OR
1/27/2016,gun,52,M,AR
1/27/2016,gun,32,M,TN
1/27/2016,gun,31,M,NM
1/27/2016,knife,27,M,SC
1/27/2016,toy weapon,40,M,TN
1/27/2016,vehicle,31,F,MI
1/27/2016,gun,30,M,TX
1/27/2016,gun,26,M,GA
1/28/2016,vehicle,32,F,WA
1/28/2016,gun,33,M,NE
1/28/2016,gun,19,M,OR
1/29/2016,gun,33,M,MA
1/29/2016,gun,29,M,TX
1/29/2016,vehicle,41,F,AL
1/30/2016,gun,29,M,IL
1/30/2016,scissors,38,M,CO
1/30/2016,gun,64,M,GA
1/30/2016,gun,42,M,MO
1/31/2016,gun,42,M,CA
1/31/2016,knife,37,M,PA
1/31/2016,knife,46,M,FL
1/31/2016,unarmed,25,M,TX
1/31/2016,gun,62,M,CA
2/1/2016,toy weapon,36,M,DC
2/1/2016,gun,21,M,NM
2/2/2016,knife,30,M,CA
2/3/2016,gun,53,M,OK
2/3/2016,gun,31,M,FL
2/3/2016,gun,22,M,SD
2/4/2016,knife,24,M,AZ
2/4/2016,unarmed,36,M,TX
2/4/2016,gun,47,M,MO
2/4/2016,toy weapon,54,M,OH
2/4/2016,gun,43,M,TX
2/5/2016,vehicle,38,M,HI
2/5/2016,gun,30,M,FL
2/5/2016,gun,51,M,NC
2/5/2016,gun,55,M,OR
2/6/2016,gun,16,M,CA
2/7/2016,gun,23,M,OH
2/7/2016,gun,36,M,AR
2/7/2016,knife,27,M,NJ
2/8/2016,gun,33,M,PA
2/8/2016,unarmed,17,M,TX
2/8/2016,vehicle,22,M,LA
2/9/2016,unarmed,22,M,CA
2/9/2016,gun,29,M,HI
2/10/2016,gun,41,M,KY
2/10/2016,gun,67,M,MD
2/10/2016,gun,36,M,AK
2/10/2016,knife,52,M,MN
2/10/2016,gun,56,M,TX
2/11/2016,knife,35,M,NC
2/11/2016,ax,45,M,CA
2/11/2016,machete,30,M,OH
2/12/2016,gun,29,M,MA
2/12/2016,gun,53,M,TX
2/12/2016,gun,32,F,NY
2/13/2016,gun,22,M,LA
2/13/2016,gun,29,M,IA
2/13/2016,unarmed,24,M,TX
2/13/2016,unarmed,19,M,VA
2/14/2016,knife,26,M,CA
2/14/2016,knife,50,M,FL
2/14/2016,gun,29,M,CA
2/15/2016,gun,52,M,NM
2/15/2016,undetermined,39,M,CA
2/16/2016,knife,51,M,CT
2/16/2016,vehicle,48,M,MO
2/16/2016,gun,30,M,AR
2/17/2016,toy weapon,37,M,OH
2/18/2016,undetermined,25,M,GA
2/18/2016,undetermined,30,M,CA
2/18/2016,undetermined,35,M,CA
2/18/2016,gun,32,M,TX
2/19/2016,knife,35,M,UT
2/19/2016,gun,31,M,TN
2/20/2016,gun,30,M,CA
2/20/2016,gun,23,M,NM
2/20/2016,gun,41,M,WA
2/20/2016,gun,45,M,MS
2/21/2016,undetermined,46,M,WA
2/21/2016,gun,36,F,AZ
2/21/2016,gun,31,F,CA
2/21/2016,undetermined,32,M,CA
2/21/2016,gun,38,F,AK
2/22/2016,gun,33,M,CO
2/22/2016,knife,45,M,CA
2/22/2016,vehicle,38,M,TX
2/22/2016,toy weapon,22,M,OH
2/23/2016,vehicle,48,M,LA
2/23/2016,gun,36,M,CA
2/23/2016,machete,39,M,TX
2/23/2016,gun,26,M,AZ
2/24/2016,knife,16,M,MO
2/24/2016,gun,58,M,CO
2/24/2016,vehicle,27,M,AZ
2/24/2016,vehicle,26,M,CA
2/24/2016,unarmed,21,M,WI
2/25/2016,gun,37,M,CO
2/25/2016,pole,56,M,AL
2/25/2016,gun,19,M,NV
2/25/2016,gun,38,M,KS
2/26/2016,toy weapon,18,M,VA
2/26/2016,unarmed,35,M,SD
2/27/2016,gun,23,M,TX
2/28/2016,gun,41,M,AL
2/28/2016,gun,44,M,SD
2/29/2016,gun,24,M,NC
3/1/2016,gun,39,M,FL
3/1/2016,gun,22,M,TX
3/1/2016,gun,37,M,MS
3/2/2016,unarmed,36,M,MD
3/2/2016,knife,41,M,PA
3/3/2016,knife,27,M,AZ
3/4/2016,undetermined,66,M,AR
3/4/2016,unarmed,30,M,KY
3/5/2016,gun,34,M,NY
3/5/2016,gun,22,M,TX
3/6/2016,gun,51,M,TX
3/6/2016,unarmed,42,M,ND
3/6/2016,gun,41,M,CA
3/7/2016,gun,49,M,NY
3/7/2016,knife,45,M,CA
3/7/2016,undetermined,45,M,KS
3/7/2016,gun,42,M,MT
3/7/2016,vehicle,41,M,NM
3/8/2016,toy weapon,27,M,FL
3/10/2016,toy weapon,37,M,MS
3/10/2016,toy weapon,22,M,NV
3/10/2016,gun,21,M,CA
3/10/2016,gun,50,M,TX
3/10/2016,vehicle,23,M,CO
3/11/2016,gun,25,M,VA
3/11/2016,gun,51,M,KS
3/11/2016,knife,46,M,IL
3/11/2016,gun,23,M,CA
3/12/2016,unarmed,37,M,TX
3/12/2016,Taser,20,M,TX
3/12/2016,gun,43,M,NC
3/13/2016,vehicle,45,M,CA
3/13/2016,unarmed,16,M,TX
3/13/2016,unarmed,30,M,TN
3/13/2016,gun,26,M,AL
3/13/2016,gun,24,M,PA
3/13/2016,hammer,38,F,WA
3/13/2016,gun,28,M,MD
3/14/2016,gun,29,M,IL
3/15/2016,gun,34,M,KY
3/15/2016,knife,38,M,IN
3/15/2016,gun,43,M,TX
3/16/2016,unarmed,23,M,CA
3/16/2016,gun,33,M,TX
3/16/2016,gun,40,M,NC
3/17/2016,gun,38,M,MN
3/17/2016,gun,53,M,FL
3/17/2016,gun,29,M,TX
3/17/2016,gun,30,M,TX
3/18/2016,gun,49,M,CA
3/18/2016,gun,60,M,ID
3/19/2016,toy weapon,25,F,VA
3/19/2016,undetermined,24,M,LA
3/19/2016,gun,21,M,IL
3/19/2016,gun,23,M,KY
3/20/2016,knife,61,M,VA
3/20/2016,gun,54,M,PA
3/20/2016,gun,62,M,IN
3/20/2016,toy weapon,16,M,FL
3/21/2016,knife,76,M,VT
3/21/2016,toy weapon,25,M,CT
3/21/2016,gun,28,M,PA
3/22/2016,pick-axe,25,M,FL
3/22/2016,vehicle,33,M,VA
3/23/2016,gun,51,M,CO
3/23/2016,gun,34,M,CA
3/23/2016,gun,30,M,TN
3/24/2016,knife,44,M,MA
3/24/2016,toy weapon,24,M,RI
3/24/2016,gun,29,M,CA
3/24/2016,gun and knife,48,M,CO
3/24/2016,gun,19,M,NM
3/24/2016,gun,22,M,MO
3/26/2016,meat cleaver,39,M,MA
3/26/2016,gun,36,M,VA
3/26/2016,gun,55,M,SC
3/26/2016,gun,46,M,FL
3/27/2016,knife,34,M,MO
3/27/2016,scissors,27,F,AZ
3/27/2016,gun,33,M,NM
3/27/2016,gun,18,M,NC
3/27/2016,gun,33,M,TX
3/29/2016,flashlight,46,M,CA
3/29/2016,gun,51,M,SC
3/29/2016,gun,50,F,MN
3/30/2016,gun,33,M,CA
3/30/2016,gun,25,M,AZ
3/30/2016,gun,52,M,GA
3/31/2016,gun,31,M,NV
3/31/2016,gun,18,M,MD
3/31/2016,gun,43,M,MD
3/31/2016,gun,34,M,VA
4/1/2016,shovel,65,M,TX
4/1/2016,gun,37,M,TX
4/2/2016,gun,30,M,IN
4/3/2016,undetermined,48,M,LA
4/3/2016,unknown weapon,36,F,AL
4/3/2016,gun,25,M,TX
4/3/2016,Taser,69,M,WI
4/4/2016,knife,50,M,MN
4/5/2016,knife,52,M,MA
4/5/2016,unarmed,44,M,IN
4/6/2016,ax,60,M,OH
4/6/2016,ax,40,F,TN
4/6/2016,knife,20,M,CA
4/7/2016,knife,45,M,CA
4/7/2016,vehicle,44,M,NE
4/8/2016,knife,40,M,CA
4/8/2016,hatchet,25,F,WI
4/8/2016,knife,43,M,MI
4/9/2016,gun,27,M,NJ
4/9/2016,gun,19,M,PA
4/10/2016,gun,39,M,CA
4/10/2016,knife,30,M,NY
4/10/2016,knife,28,M,CA
4/11/2016,gun,22,M,NV
4/11/2016,gun,16,M,IL
4/12/2016,unarmed,40,M,CO
4/12/2016,gun,38,M,IL
4/12/2016,vehicle,20,M,FL
4/13/2016,undetermined,35,M,CA
4/13/2016,gun,52,M,TX
4/13/2016,gun,26,M,TN
4/14/2016,unarmed,54,M,KS
4/15/2016,baseball bat,38,M,CA
4/15/2016,gun,52,M,OK
4/15/2016,undetermined,26,M,IN
4/16/2016,gun,53,M,IL
4/17/2016,gun,35,F,OH
4/17/2016,unarmed,22,M,TX
4/17/2016,gun,31,M,NJ
4/17/2016,gun,32,M,NY
4/17/2016,vehicle,37,M,NY
4/18/2016,gun,28,M,MD
4/18/2016,gun,18,M,GA
4/19/2016,gun,41,M,NC
4/19/2016,gun,15,M,MO
4/19/2016,gun,38,M,AL
4/20/2016,gun,41,M,FL
4/20/2016,undetermined,52,M,AR
4/21/2016,knife,48,M,MA
4/22/2016,knife,29,M,TX
4/22/2016,knife,51,M,NY
4/23/2016,vehicle,21,M,FL
4/23/2016,gun,24,M,AZ
4/23/2016,gun,18,M,WI
4/23/2016,gun,30,M,VA
4/23/2016,vehicle,33,M,AR
4/25/2016,gun,60,F,NC
4/26/2016,gun,28,M,CO
4/26/2016,gun,26,M,VA
4/26/2016,gun,24,F,NM
4/26/2016,gun,44,M,TX
4/27/2016,gun,36,M,UT
4/27/2016,machete,34,M,GA
4/27/2016,gun,21,M,CO
4/28/2016,knife,37,M,FL
4/28/2016,gun,53,M,ID
4/28/2016,knife,45,M,WA
4/28/2016,vehicle,24,M,TX
4/29/2016,vehicle,48,M,MO
4/30/2016,knife,42,M,WI
4/30/2016,knife,33,M,UT
4/30/2016,vehicle,55,M,AZ
4/30/2016,knife,28,M,CA
5/1/2016,toy weapon,25,M,FL
5/1/2016,gun,28,M,TN
5/2/2016,gun,52,M,SC
5/3/2016,knife,59,M,CA
5/4/2016,vehicle,52,M,PA
5/4/2016,gun,39,M,WA
5/4/2016,knife,18,M,CA
5/4/2016,undetermined,40,M,MO
5/5/2016,vehicle,36,M,LA
5/5/2016,gun,38,M,WI
5/5/2016,gun,26,F,FL
5/6/2016,gun,37,M,WV
5/7/2016,gun,29,M,WA
5/7/2016,gun,37,M,FL
5/7/2016,knife,29,M,ME
5/8/2016,toy weapon,21,M,CA
5/9/2016,toy weapon,33,M,TX
5/9/2016,gun,33,M,MN
5/9/2016,unarmed,23,M,MS
5/9/2016,gun,26,M,IL
5/9/2016,gun,59,M,FL
5/9/2016,gun,29,M,TX
5/10/2016,knife,28,M,MA
5/11/2016,gun,35,M,CO
5/11/2016,vehicle,33,M,CA
5/11/2016,gun,24,M,CO
5/11/2016,gun,37,M,OK
5/13/2016,gun,28,M,CA
5/14/2016,knife,19,M,FL
5/14/2016,gun,43,M,AZ
5/14/2016,gun,59,M,FL
5/14/2016,gun,34,M,GA
5/15/2016,gun,35,M,IL
5/16/2016,gun,23,M,GA
5/17/2016,ax,36,M,CA
5/18/2016,knife,46,M,NY
5/18/2016,gun,44,M,MO
5/18/2016,gun,20,M,AZ
5/19/2016,unarmed,30,M,NV
5/19/2016,unarmed,29,F,CA
5/19/2016,knife,35,M,CA
5/19/2016,gun,36,M,KY
5/19/2016,gun,22,M,FL
5/20/2016,knife,31,M,NE
5/21/2016,gun,63,M,SC
5/21/2016,unarmed,38,M,OR
5/21/2016,gun,31,M,AZ
5/22/2016,unarmed,27,M,FL
5/22/2016,gun,35,M,MA
5/22/2016,unarmed,22,M,FL
5/22/2016,gun,28,M,CO
5/23/2016,gun,26,M,AZ
5/24/2016,knife,22,M,OR
5/24/2016,Taser,57,M,MO
5/24/2016,gun,31,M,NM
5/25/2016,knife,43,M,OK
5/25/2016,vehicle,24,M,FL
5/26/2016,gun,29,M,MN
5/26/2016,gun,43,M,IL
5/26/2016,gun,37,M,TX
5/26/2016,undetermined,21,M,IL
5/26/2016,gun,19,M,CA
5/26/2016,knife,37,F,FL
5/26/2016,gun,25,M,NM
5/27/2016,gun,59,M,IN
5/28/2016,gun,50,M,AL
5/28/2016,gun,58,M,NM
5/29/2016,gun,25,M,TX
5/29/2016,knife,32,M,FL
5/29/2016,gun,53,M,NC
5/29/2016,unarmed,38,M,NC
5/30/2016,gun,70,M,OR
5/30/2016,gun,33,M,AZ
5/31/2016,knife,36,M,OR
6/1/2016,gun,37,M,AZ
6/1/2016,gun,21,M,GA
6/1/2016,gun,51,M,KY
6/2/2016,knife,43,M,VA
6/2/2016,gun,18,M,NC
6/3/2016,knife,33,M,AK
6/3/2016,knife,34,M,AZ
6/4/2016,undetermined,31,M,CA
6/4/2016,gun,35,M,AL
6/4/2016,knife,31,M,IN
6/5/2016,gun,31,M,FL
6/6/2016,gun,23,M,OH
6/6/2016,knife,25,M,HI
6/7/2016,unarmed,25,M,OK
6/7/2016,vehicle,21,M,CA
6/7/2016,gun,49,M,VA
6/7/2016,gun,63,M,GA
6/8/2016,gun,43,M,MO
6/9/2016,gun,34,M,AL
6/9/2016,gun,38,M,PA
6/9/2016,gun,52,M,TX
6/9/2016,gun,68,M,MI
6/9/2016,baton,37,M,AZ
6/10/2016,gun,31,M,CA
6/10/2016,baseball bat,29,M,NC
6/10/2016,gun,32,M,CO
6/10/2016,gun,50,M,WA
6/11/2016,gun,27,M,MS
6/11/2016,spear,31,M,CA
6/12/2016,gun,29,M,FL
6/12/2016,knife,23,M,UT
6/12/2016,gun,61,M,KY
6/13/2016,gun,33,M,NY
6/13/2016,gun,18,M,AL
6/13/2016,gun,80,M,RI
6/13/2016,undetermined,43,M,WA
6/14/2016,vehicle,50,M,ID
6/14/2016,gun,47,M,MO
6/14/2016,gun,54,M,TX
6/14/2016,undetermined,22,M,CA
6/15/2016,vehicle,43,M,OK
6/15/2016,gun,38,M,WI
6/16/2016,gun,21,M,NM
6/16/2016,gun,36,M,MT
6/16/2016,vehicle,30,M,CO
6/16/2016,gun,37,M,OH
6/18/2016,toy weapon,34,M,AL
6/18/2016,vehicle,17,M,CA
6/18/2016,unarmed,37,M,MS
6/19/2016,gun,25,M,NY
6/19/2016,gun,30,M,FL
6/20/2016,gun,23,M,SC
6/20/2016,knife,20,M,AZ
6/21/2016,toy weapon,19,M,NH
6/21/2016,gun,50,M,WY
6/21/2016,undetermined,24,M,NC
6/22/2016,gun,25,M,CO
6/22/2016,vehicle,20,M,AL
6/22/2016,knife,37,M,FL
6/22/2016,gun,44,M,MS
6/22/2016,unarmed,22,M,GA
6/22/2016,gun,31,M,TX
6/23/2016,gun,25,M,WI
6/23/2016,gun,37,M,IL
6/23/2016,gun,29,M,NM
6/24/2016,gun,36,M,NJ
6/24/2016,gun,50,M,AR
6/24/2016,gun,42,F,TX
6/24/2016,gun,42,M,OK
6/24/2016,gun,26,M,FL
6/25/2016,unarmed,19,M,CA
6/25/2016,gun,59,M,FL
6/25/2016,unarmed,36,M,GA
6/25/2016,gun,37,M,AZ
6/26/2016,baseball bat,51,M,MI
6/26/2016,knife,27,M,CT
6/26/2016,gun,22,M,NE
6/26/2016,gun,30,M,IL
6/27/2016,toy weapon,28,M,IA
6/27/2016,toy weapon,63,M,DC
6/27/2016,gun,32,M,GA
6/27/2016,gun,26,M,NM
6/27/2016,toy weapon,25,M,DE
6/28/2016,knife,27,M,CA
6/28/2016,knife,61,M,HI
6/29/2016,undetermined,30,M,KY
6/29/2016,gun,37,M,LA
6/29/2016,gun,37,M,IA
6/29/2016,pitchfork,41,M,WI
6/30/2016,gun,25,M,OH
6/30/2016,gun,24,M,CO
6/30/2016,undetermined,44,M,WY
7/1/2016,gun,63,M,SC
7/1/2016,gun,30,M,GA
7/1/2016,knife,58,M,WI
7/2/2016,gun,35,M,NC
7/2/2016,gun,50,M,TN
7/3/2016,knife,40,M,LA
7/3/2016,vehicle,37,M,NV
7/3/2016,vehicle,19,M,CA
7/4/2016,gun,34,M,SC
7/4/2016,gun,18,M,CA
7/4/2016,gun,21,M,DC
7/4/2016,knife,37,M,TX
7/5/2016,undetermined,37,M,LA
7/5/2016,undetermined,29,M,OR
7/5/2016,undetermined,49,M,CA
7/5/2016,knife,24,F,AZ
7/6/2016,gun,32,M,MN
7/6/2016,gun,65,M,OK
7/7/2016,knife,37,M,CA
7/7/2016,vehicle,33,M,CA
7/7/2016,gun,63,M,AL
7/8/2016,knife,30,M,AZ
7/9/2016,gun,40,M,OK
7/10/2016,gun,38,M,TX
7/11/2016,knife,50,M,CA
7/11/2016,gun,41,M,IL
7/11/2016,gun,41,M,MI
7/11/2016,gun,39,M,NY
7/11/2016,gun,44,M,MI
7/12/2016,hatchet,23,M,AK
7/13/2016,gun,32,M,AZ
7/13/2016,toy weapon,56,M,NY
7/14/2016,gun,33,M,MD
7/15/2016,gun,63,M,NC
7/16/2016,gun,31,M,FL
7/16/2016,gun,26,M,CA
7/16/2016,gun,57,M,NJ
7/17/2016,gun,39,M,WI
7/17/2016,screwdriver,43,M,OK
7/17/2016,gun,42,M,NY
7/17/2016,gun,29,M,LA
7/18/2016,ax,56,M,OK
7/20/2016,knife,31,M,CA
7/21/2016,gun,50,M,IL
7/21/2016,gun,36,M,HI
7/22/2016,gun,50,M,WV
7/23/2016,gun,34,M,TX
7/23/2016,knife,49,M,WI
7/23/2016,gun,31,M,CA
7/24/2016,hatchet and gun,36,M,CA
7/24/2016,knife,29,M,NM
7/25/2016,gun,32,M,IN
7/25/2016,gun,18,M,CA
7/26/2016,gun,50,M,WI
7/26/2016,gun,36,M,NM
7/27/2016,knife,33,M,TN
7/27/2016,gun,17,M,LA
7/27/2016,unarmed,19,M,AZ
7/27/2016,knife,24,M,AZ
7/27/2016,knife,24,M,CA
7/27/2016,knife,20,M,MT
7/28/2016,undetermined,41,M,NV
7/28/2016,undetermined,47,M,CA
7/28/2016,vehicle,18,M,IL
7/28/2016,gun,31,M,AZ
7/28/2016,unarmed,27,M,CA
7/28/2016,undetermined,36,M,CA
7/29/2016,gun,59,M,NC
7/29/2016,gun,40,F,AL
7/31/2016,rock,32,M,KY
7/31/2016,undetermined,38,M,WA
7/31/2016,knife,18,M,NJ
8/1/2016,undetermined,32,M,CA
8/1/2016,gun,23,F,MD
8/1/2016,vehicle,43,M,SC
8/1/2016,gun,67,M,VA
8/2/2016,gun,22,M,SC
8/2/2016,knife,31,M,MN
8/2/2016,gun,43,M,FL
8/2/2016,gun,34,M,ID
8/2/2016,undetermined,51,M,CA
8/3/2016,gun,31,M,UT
8/3/2016,knife,54,M,MI
8/3/2016,gun,69,M,VA
8/5/2016,knife,58,M,VA
8/5/2016,gun,26,M,GA
8/5/2016,crossbow,31,M,CA
8/5/2016,gun,59,M,WI
8/7/2016,knife,25,M,OH
8/7/2016,knife,20,M,PA
8/8/2016,gun,69,M,SC
8/8/2016,knife,57,M,KY
8/8/2016,gun,56,M,CA
8/8/2016,gun,64,M,NC
8/8/2016,undetermined,34,M,KY
8/9/2016,gun,45,M,OH
8/9/2016,gun,14,M,CA
8/9/2016,undetermined,44,M,SC
8/11/2016,gun,54,M,LA
8/11/2016,gun,59,M,WA
8/11/2016,knife,33,M,CA
8/12/2016,undetermined,22,M,AZ
8/12/2016,hammer,49,M,OK
8/13/2016,vehicle,36,M,CA
8/13/2016,gun,23,M,WI
8/13/2016,knife,38,M,AZ
8/13/2016,gun,53,M,CO
8/15/2016,metal pole,29,M,VA
8/15/2016,gun,42,M,TN
8/16/2016,unarmed,25,M,AZ
8/16/2016,gun,18,M,CA
8/16/2016,gun,55,M,WV
8/16/2016,gun,36,M,OH
8/16/2016,gun,32,M,NC
8/16/2016,toy weapon,53,M,AZ
8/16/2016,gun,30,M,CA
8/17/2016,piece of wood,27,M,WA
8/18/2016,gun,37,M,CA
8/18/2016,unarmed,29,M,NC
8/18/2016,knife,40,M,CA
8/18/2016,undetermined,36,M,KS
8/18/2016,gun,38,M,CA
8/18/2016,gun,29,M,NM
8/18/2016,gun,59,M,CA
8/19/2016,bayonet,47,M,CA
8/19/2016,gun,22,M,AZ
8/19/2016,toy weapon,31,M,WI
8/19/2016,undetermined,29,M,NV
8/19/2016,knife,54,M,TN
8/20/2016,knife,71,M,CA
8/21/2016,knife,36,M,NM
8/22/2016,knife,34,M,OH
8/23/2016,gun,49,M,TX
8/24/2016,gun,36,M,TX
8/24/2016,gun,43,M,FL
8/24/2016,gun,53,M,TN
8/25/2016,knife,63,M,CO
8/25/2016,gun,31,M,CA
8/25/2016,undetermined,32,M,CA
8/26/2016,gun,41,M,NV
8/27/2016,toy weapon,26,M,AZ
8/27/2016,knife,49,M,CO
8/27/2016,gun,82,M,WV
8/28/2016,gun,37,M,MN
8/29/2016,gun,24,M,NC
8/29/2016,knife,56,M,CA
8/29/2016,gun,35,F,AZ
8/29/2016,gun,28,M,AK
8/30/2016,chain saw,36,M,WA
8/30/2016,unarmed,22,M,FL
8/30/2016,gun,59,M,TX
8/30/2016,knife,36,M,TX
8/31/2016,gun,21,M,CO
8/31/2016,vehicle,38,M,MO
9/1/2016,vehicle,60,M,OH
9/1/2016,gun,18,M,KS
9/1/2016,gun,23,M,CA
9/1/2016,pipe,37,M,CA
9/2/2016,gun,38,M,NM
9/2/2016,gun,40,M,CO
9/2/2016,glass shard,22,M,IL
9/2/2016,gun,38,M,MO
9/3/2016,undetermined,25,M,NJ
9/3/2016,undetermined,25,M,WA
9/3/2016,gun,36,M,IL
9/3/2016,gun,37,M,TX
9/4/2016,knife,37,M,CA
9/4/2016,knife,44,M,CO
9/5/2016,gun,36,M,TX
9/5/2016,gun,35,M,TX
9/6/2016,vehicle,25,M,NE
9/6/2016,gun,65,M,WV
9/6/2016,undetermined,31,M,AZ
9/6/2016,gun,70,M,TN
9/6/2016,sword,25,M,AZ
9/7/2016,knife,55,M,GA
9/7/2016,undetermined,35,M,FL
9/7/2016,gun,25,M,MI
9/8/2016,gun,32,M,FL
9/8/2016,toy weapon,38,M,CA
9/9/2016,gun,32,M,TN
9/9/2016,unknown weapon,64,M,WA
9/9/2016,knife,55,M,FL
9/10/2016,toy weapon,69,M,WV
9/10/2016,gun,37,M,CO
9/11/2016,motorcycle,31,M,DC
9/12/2016,gun,86,M,CA
9/12/2016,knife,25,M,IA
9/12/2016,undetermined,25,M,CA
9/14/2016,toy weapon,13,M,OH
9/15/2016,gun,32,M,AZ
9/15/2016,gun,34,M,TX
9/15/2016,gun,69,M,FL
9/16/2016,gun,46,M,MO
9/16/2016,unarmed,40,M,OK
9/16/2016,unarmed,29,M,VT
9/16/2016,knife,29,M,KY
9/17/2016,hatchet,42,M,CA
9/17/2016,gun,25,M,PA
9/17/2016,toy weapon,45,M,AL
9/17/2016,gun,55,M,NC
9/17/2016,knife,22,M,MN
9/18/2016,gun,61,M,OH
9/19/2016,gun,46,F,TX
9/19/2016,unknown weapon,30,M,UT
9/19/2016,gun,56,M,TX
9/20/2016,gun,35,M,TN
9/20/2016,gun,22,M,FL
9/20/2016,unknown weapon,23,M,CT
9/20/2016,gun,43,M,NC
9/20/2016,gun,43,M,TN
9/20/2016,gun,49,M,CO
9/21/2016,unarmed,23,M,NE
9/23/2016,undetermined,41,M,CA
9/23/2016,vehicle,33,M,MD
9/23/2016,gun,30,M,TX
9/25/2016,gun,25,M,NH
9/26/2016,gun,52,M,ID
9/26/2016,gun,32,M,AR
9/26/2016,gun,46,M,TX
9/26/2016,gun,48,M,MN
9/27/2016,unarmed,38,M,CA
9/27/2016,vehicle,26,M,AZ
9/28/2016,undetermined,32,M,PA
9/28/2016,knife,28,M,GA
9/29/2016,gun,53,M,AZ
9/30/2016,undetermined,38,M,TX
9/30/2016,undetermined,18,M,NJ
9/30/2016,gun,32,M,SC
9/30/2016,gun,37,M,MI
9/30/2016,undetermined,18,M,NJ
9/30/2016,gun,20,M,OH
10/1/2016,gun,28,M,WV
10/1/2016,gun,18,M,CA
10/2/2016,toy weapon,16,M,CA
10/2/2016,unknown weapon,36,M,IL
10/3/2016,gun,57,M,MA
10/3/2016,gun,49,M,NJ
10/4/2016,brick,31,M,FL
10/4/2016,gun,26,M,AR
10/4/2016,gun,51,M,MI
10/5/2016,machete,28,M,CO
10/5/2016,gun,35,M,SC
10/7/2016,undetermined,57,M,GA
10/7/2016,knife,36,M,IN
10/7/2016,gun,42,M,AL
10/7/2016,gun,37,M,LA
10/7/2016,toy weapon,49,M,AR
10/8/2016,knife,62,M,IN
10/8/2016,knife,21,M,WA
10/8/2016,vehicle,39,M,OK
10/8/2016,knife,53,F,CA
10/9/2016,gun,41,M,NY
10/9/2016,gun,40,M,AZ
10/10/2016,gun,50,M,NC
10/10/2016,undetermined,27,M,CA
10/10/2016,gun,19,M,TX
10/10/2016,vehicle,26,M,OH
10/11/2016,knife,44,M,WA
10/11/2016,knife,30,M,CA
10/12/2016,gun,31,M,LA
10/12/2016,gun,33,M,MA
10/12/2016,gun,22,M,KY
10/13/2016,gun,50,M,NV
10/13/2016,knife,46,M,OR
10/13/2016,gun,38,M,WA
10/14/2016,baseball bat,23,M,TX
10/14/2016,gun,24,M,TX
10/14/2016,gun,26,M,CA
10/15/2016,gun,38,M,AL
10/16/2016,toy weapon,26,F,TX
10/16/2016,metal rake,32,M,CA
10/17/2016,sword,50,M,FL
10/17/2016,gun,17,M,AR
10/17/2016,knife,39,M,FL
10/18/2016,gun,28,M,MI
10/18/2016,baseball bat,66,F,NY
10/18/2016,gun,42,M,OK
10/18/2016,gun,34,M,KY
10/19/2016,vehicle,38,M,OH
10/19/2016,gun,24,M,TX
10/19/2016,undetermined,28,M,NV
10/20/2016,gun,29,M,FL
10/21/2016,knife,58,M,OK
10/21/2016,gun,23,F,WA
10/22/2016,unknown weapon,21,M,AL
10/23/2016,toy weapon,45,M,MN
10/23/2016,gun,38,M,KY
10/23/2016,gun,40,M,CO
10/24/2016,gun,19,M,MO
10/25/2016,toy weapon,46,M,AR
10/25/2016,toy weapon,25,M,MD
10/25/2016,toy weapon,25,F,MD
10/25/2016,knife,37,M,CA
10/26/2016,gun,25,M,TX
10/26/2016,unarmed,36,M,OK
10/27/2016,gun,32,M,MT
10/27/2016,gun and knife,33,M,TX
10/27/2016,undetermined,24,M,GA
10/28/2016,gun,37,M,MN
10/28/2016,gun,38,M,CA
10/28/2016,knife,45,M,OH
10/30/2016,knife,31,M,MA
10/30/2016,vehicle,34,M,AZ
10/30/2016,gun,23,M,TX
10/30/2016,gun,38,M,OK
10/31/2016,vehicle,39,F,CA
10/31/2016,knife,55,M,CA
10/31/2016,gun,31,F,OH
11/1/2016,gun,76,M,NV
11/2/2016,gun,59,M,LA
11/2/2016,undetermined,40,M,UT
11/3/2016,gun,23,M,NC
11/3/2016,knife,64,M,PA
11/3/2016,gun,56,F,GA
11/4/2016,undetermined,26,M,CA
11/4/2016,gun,35,M,NY
11/5/2016,knife,49,M,FL
11/5/2016,vehicle,36,M,OK
11/5/2016,gun,56,M,WV
11/5/2016,gun,59,M,WA
11/5/2016,gun,34,M,TX
11/6/2016,undetermined,33,M,CA
11/6/2016,gun,43,M,SC
11/6/2016,vehicle,43,M,KY
11/6/2016,metal pipe,31,M,NJ
11/6/2016,vehicle,17,M,AL
11/6/2016,hammer,32,M,WV
11/7/2016,gun,31,M,PA
11/8/2016,unarmed,19,M,KS
11/8/2016,gun,23,M,CO
11/8/2016,vehicle,26,M,OH
11/8/2016,gun,45,M,CA
11/9/2016,gun,36,M,AZ
11/10/2016,gun,41,M,TX
11/10/2016,gun,53,M,FL
11/11/2016,undetermined,37,M,GA
11/11/2016,vehicle,24,M,CO
11/11/2016,gun,37,M,ID
11/11/2016,gun,47,M,CO
11/12/2016,gun,40,M,AK
11/12/2016,gun,29,M,AZ
11/13/2016,baseball bat,38,M,PA
11/13/2016,gun,22,M,CA
11/13/2016,gun,21,M,OK
11/15/2016,vehicle,25,M,PA
11/15/2016,gun,37,M,TX
11/15/2016,knife,48,M,CA
11/16/2016,machete,37,M,CA
11/16/2016,gun,56,M,CA
11/18/2016,gun,35,M,FL
11/18/2016,machete,25,M,FL
11/18/2016,gun,25,M,GA
11/18/2016,machete,48,M,AZ
11/18/2016,gun,26,M,IL
11/19/2016,vehicle,29,M,CA
11/19/2016,knife,15,M,CA
11/19/2016,gun,55,M,OK
11/19/2016,baton,21,M,NY
11/20/2016,gun,24,M,TX
11/20/2016,gun,18,M,MO
11/21/2016,gun,19,M,MO
11/21/2016,knife,27,M,CA
11/22/2016,gun,45,M,CA
11/22/2016,gun,36,M,TX
11/22/2016,undetermined,34,M,NC
11/22/2016,gun,23,M,NJ
11/23/2016,knife,43,M,FL
11/23/2016,knife,43,M,MI
11/23/2016,undetermined,19,M,IL
11/24/2016,knife,45,M,TN
11/25/2016,gun,37,M,IL
11/25/2016,gun,23,M,MS
11/25/2016,unarmed,26,M,AZ
11/26/2016,undetermined,20,M,AZ
11/27/2016,blunt object,50,M,KS
11/27/2016,gun,59,M,ME
11/27/2016,gun,33,M,IL
11/27/2016,gun,48,M,LA
11/28/2016,knife,18,M,OH
11/28/2016,gun,23,M,CA
11/28/2016,vehicle,41,M,NC
11/29/2016,gun,41,M,MA
11/29/2016,rock,55,M,TX
11/29/2016,knife,29,M,IN
11/29/2016,undetermined,31,M,SC
11/30/2016,gun,25,M,MO
12/1/2016,gun,38,M,WA
12/1/2016,gun,37,M,AZ
12/1/2016,gun,83,M,AR
12/2/2016,crowbar,22,M,KY
12/2/2016,gun,33,M,AL
12/2/2016,undetermined,36,M,NM
12/3/2016,gun,38,M,LA
12/4/2016,undetermined,26,M,OH
12/4/2016,gun,29,M,IN
12/6/2016,gun,55,M,KS
12/6/2016,gun,47,M,FL
12/6/2016,gun,52,M,OR
12/6/2016,oar,49,M,FL
12/7/2016,knife,31,M,NC
12/7/2016,undetermined,37,M,TX
12/7/2016,gun,37,M,TX
12/7/2016,undetermined,36,M,IA
12/7/2016,knife,20,M,PA
12/8/2016,gun,37,M,TX
12/9/2016,vehicle,30,M,HI
12/9/2016,gun,37,M,NC
12/9/2016,machete and gun,35,M,PA
12/10/2016,gun,35,M,SC
12/10/2016,knife,36,M,IN
12/11/2016,knife,53,M,NE
12/11/2016,vehicle,39,M,WV
12/11/2016,knife,30,M,TX
12/11/2016,toy weapon,44,F,AZ
12/11/2016,gun,24,M,KS
12/12/2016,unarmed,73,M,CA
12/12/2016,gun,31,M,GA
12/12/2016,gun,28,M,PA
12/13/2016,gun,18,M,MD
12/13/2016,gun,32,M,GA
12/15/2016,gun,60,M,CA
12/16/2016,gun,36,M,OR
12/17/2016,knife,48,M,TN
12/17/2016,gun,33,M,CA
12/17/2016,gun,44,M,WA
12/18/2016,undetermined,20,M,CA
12/18/2016,gun,37,M,WA
12/18/2016,gun,72,M,OK
12/19/2016,undetermined,52,M,NC
12/20/2016,gun,31,M,CA
12/20/2016,knife,46,M,TX
12/20/2016,knife,37,M,CA
12/21/2016,tire iron,31,M,OK
12/21/2016,gun,25,M,OK
12/21/2016,vehicle,46,M,IN
12/21/2016,vehicle,38,M,NV
12/21/2016,knife,25,M,AR
12/21/2016,knife,37,M,CA
12/21/2016,gun,27,M,AL
12/21/2016,gun,24,M,CA
12/22/2016,gun,19,M,MD
12/23/2016,undetermined,31,M,OR
12/23/2016,crossbow,55,M,FL
12/23/2016,vehicle,37,M,CA
12/24/2016,gun,18,M,NC
12/24/2016,knife,53,F,FL
12/24/2016,gun,37,M,AL
12/24/2016,scissors,48,M,CA
12/25/2016,knife,29,M,DC
12/25/2016,gun,30,M,OR
12/25/2016,gun,33,M,AR
12/25/2016,gun,61,M,FL
12/27/2016,gun,35,M,CA
12/27/2016,gun,71,F,TX
12/27/2016,undetermined,41,M,IL
12/27/2016,gun,36,M,TX
12/28/2016,undetermined,28,M,TN
12/29/2016,gun,52,M,MD
12/30/2016,gun,21,M,FL
12/30/2016,gun,37,M,FL
12/30/2016,knife,31,M,AZ
12/31/2016,unarmed,33,M,MN
12/31/2016,knife,46,M,FL
12/31/2016,gun,32,M,PA
